-- MySQL dump 10.13  Distrib 5.7.31, for Win64 (x86_64)
--
-- Host: localhost    Database: travel_flight_air
-- ------------------------------------------------------
-- Server version	5.7.31

/*!40101 SET @OLD_CHARACTER_SET_CLIENT=@@CHARACTER_SET_CLIENT */;
/*!40101 SET @OLD_CHARACTER_SET_RESULTS=@@CHARACTER_SET_RESULTS */;
/*!40101 SET @OLD_COLLATION_CONNECTION=@@COLLATION_CONNECTION */;
/*!40101 SET NAMES utf8 */;
/*!40103 SET @OLD_TIME_ZONE=@@TIME_ZONE */;
/*!40103 SET TIME_ZONE='+00:00' */;
/*!40014 SET @OLD_UNIQUE_CHECKS=@@UNIQUE_CHECKS, UNIQUE_CHECKS=0 */;
/*!40014 SET @OLD_FOREIGN_KEY_CHECKS=@@FOREIGN_KEY_CHECKS, FOREIGN_KEY_CHECKS=0 */;
/*!40101 SET @OLD_SQL_MODE=@@SQL_MODE, SQL_MODE='NO_AUTO_VALUE_ON_ZERO' */;
/*!40111 SET @OLD_SQL_NOTES=@@SQL_NOTES, SQL_NOTES=0 */;

--
-- Table structure for table `airplanes`
--

DROP TABLE IF EXISTS `airplanes`;
/*!40101 SET @saved_cs_client     = @@character_set_client */;
/*!40101 SET character_set_client = utf8 */;
CREATE TABLE `airplanes` (
  `id_airplane` int(11) NOT NULL AUTO_INCREMENT,
  `reference` varchar(45) DEFAULT NULL,
  `airplanetype` varchar(45) NOT NULL,
  `lotation` int(11) NOT NULL,
  PRIMARY KEY (`id_airplane`)
) ENGINE=InnoDB AUTO_INCREMENT=27 DEFAULT CHARSET=utf8;
/*!40101 SET character_set_client = @saved_cs_client */;

--
-- Dumping data for table `airplanes`
--

LOCK TABLES `airplanes` WRITE;
/*!40000 ALTER TABLE `airplanes` DISABLE KEYS */;
INSERT INTO `airplanes` VALUES (25,'B737','Boeing',144),(26,'A380','Airbus',140);
/*!40000 ALTER TABLE `airplanes` ENABLE KEYS */;
UNLOCK TABLES;

--
-- Table structure for table `airplanesstopovers`
--

DROP TABLE IF EXISTS `airplanesstopovers`;
/*!40101 SET @saved_cs_client     = @@character_set_client */;
/*!40101 SET character_set_client = utf8 */;
CREATE TABLE `airplanesstopovers` (
  `id_airplanesstopovers` int(11) NOT NULL AUTO_INCREMENT,
  `id_airplane` int(11) NOT NULL,
  `id_stopover` int(11) NOT NULL,
  `passengers_quantity` int(11) NOT NULL,
  PRIMARY KEY (`id_airplanesstopovers`),
  KEY `id_airplane_fk_idx` (`id_airplane`),
  KEY `id_stopover_fk_idx` (`id_stopover`),
  CONSTRAINT `id_airplanesstopovers_airplane_fk` FOREIGN KEY (`id_airplane`) REFERENCES `airplanes` (`id_airplane`),
  CONSTRAINT `id_airplanesstopovers_stopover_fk` FOREIGN KEY (`id_stopover`) REFERENCES `stopovers` (`id_stopover`)
) ENGINE=InnoDB AUTO_INCREMENT=4 DEFAULT CHARSET=utf8;
/*!40101 SET character_set_client = @saved_cs_client */;

--
-- Dumping data for table `airplanesstopovers`
--

LOCK TABLES `airplanesstopovers` WRITE;
/*!40000 ALTER TABLE `airplanesstopovers` DISABLE KEYS */;
INSERT INTO `airplanesstopovers` VALUES (1,25,14,4),(2,25,13,5),(3,25,14,2);
/*!40000 ALTER TABLE `airplanesstopovers` ENABLE KEYS */;
UNLOCK TABLES;

--
-- Table structure for table `airports`
--

DROP TABLE IF EXISTS `airports`;
/*!40101 SET @saved_cs_client     = @@character_set_client */;
/*!40101 SET character_set_client = utf8 */;
CREATE TABLE `airports` (
  `id_airport` int(11) NOT NULL AUTO_INCREMENT,
  `name` varchar(45) NOT NULL,
  `localization` varchar(255) NOT NULL,
  `telephone` int(50) NOT NULL,
  `email` varchar(45) DEFAULT NULL,
  PRIMARY KEY (`id_airport`)
) ENGINE=InnoDB AUTO_INCREMENT=13 DEFAULT CHARSET=utf8;
/*!40101 SET character_set_client = @saved_cs_client */;

--
-- Dumping data for table `airports`
--

LOCK TABLES `airports` WRITE;
/*!40000 ALTER TABLE `airports` DISABLE KEYS */;
INSERT INTO `airports` VALUES (4,'Indra Ghandi','New Deli',545646546,'nd@air.com'),(5,'Ponta Delgada','Acores',54545455,'ac@air.com'),(6,'Sa Carneiro','Porto',456465,'op@air.com'),(7,'Portela','Lisboa',546464,'lis@air.com'),(8,'Washington DC','Washington',545646874,'ws@air.com'),(9,'Algarve','Faro',564654654,'fa@air.com'),(10,'JFK','New York',56456456,'jfk@air.com'),(12,'Bombay Airport','Bombay',23123,'b@air.com');
/*!40000 ALTER TABLE `airports` ENABLE KEYS */;
UNLOCK TABLES;

--
-- Table structure for table `flights`
--

DROP TABLE IF EXISTS `flights`;
/*!40101 SET @saved_cs_client     = @@character_set_client */;
/*!40101 SET character_set_client = utf8 */;
CREATE TABLE `flights` (
  `id_flight` int(11) NOT NULL AUTO_INCREMENT,
  `id_airplane` int(45) NOT NULL,
  `price` float NOT NULL,
  PRIMARY KEY (`id_flight`),
  KEY `id_airplane_fk` (`id_airplane`),
  CONSTRAINT `id_airplane_fk` FOREIGN KEY (`id_airplane`) REFERENCES `airplanes` (`id_airplane`)
) ENGINE=InnoDB AUTO_INCREMENT=233341 DEFAULT CHARSET=utf8;
/*!40101 SET character_set_client = @saved_cs_client */;

--
-- Dumping data for table `flights`
--

LOCK TABLES `flights` WRITE;
/*!40000 ALTER TABLE `flights` DISABLE KEYS */;
INSERT INTO `flights` VALUES (233337,25,1200),(233338,26,1000),(233339,25,50),(233340,25,70);
/*!40000 ALTER TABLE `flights` ENABLE KEYS */;
UNLOCK TABLES;

--
-- Table structure for table `stopovers`
--

DROP TABLE IF EXISTS `stopovers`;
/*!40101 SET @saved_cs_client     = @@character_set_client */;
/*!40101 SET character_set_client = utf8 */;
CREATE TABLE `stopovers` (
  `id_stopover` int(11) NOT NULL AUTO_INCREMENT,
  `date_of_departure` date NOT NULL,
  `date_of_arrival` date NOT NULL,
  `hour_of_departure` time NOT NULL,
  `hour_of_arrival` time NOT NULL,
  `distance` float NOT NULL,
  `id_flight` int(45) NOT NULL,
  `id_departure` int(11) NOT NULL,
  `id_destination` int(11) NOT NULL,
  PRIMARY KEY (`id_stopover`),
  KEY `fk_id_flight_idx` (`id_flight`),
  KEY `id_airport_departure_fk_idx` (`id_departure`),
  KEY `id_airport_destination_fk_idx` (`id_destination`),
  CONSTRAINT `id_airport_departure_fk` FOREIGN KEY (`id_departure`) REFERENCES `airports` (`id_airport`),
  CONSTRAINT `id_airport_destination_fk` FOREIGN KEY (`id_destination`) REFERENCES `airports` (`id_airport`),
  CONSTRAINT `id_flight_fk` FOREIGN KEY (`id_flight`) REFERENCES `flights` (`id_flight`)
) ENGINE=InnoDB AUTO_INCREMENT=15 DEFAULT CHARSET=utf8;
/*!40101 SET character_set_client = @saved_cs_client */;

--
-- Dumping data for table `stopovers`
--

LOCK TABLES `stopovers` WRITE;
/*!40000 ALTER TABLE `stopovers` DISABLE KEYS */;
INSERT INTO `stopovers` VALUES (11,'2021-06-25','2021-06-26','19:33:00','19:36:00',555555,233337,6,5),(12,'2021-06-01','2021-06-02','20:20:00','05:18:00',55555,233338,6,7),(13,'2021-06-30','2021-07-01','10:46:00','09:50:00',20000,233339,4,5),(14,'2021-07-14','2021-07-15','10:48:00','09:54:00',40000,233340,5,6);
/*!40000 ALTER TABLE `stopovers` ENABLE KEYS */;
UNLOCK TABLES;

--
-- Table structure for table `tickets`
--

DROP TABLE IF EXISTS `tickets`;
/*!40101 SET @saved_cs_client     = @@character_set_client */;
/*!40101 SET character_set_client = utf8 */;
CREATE TABLE `tickets` (
  `id_ticket` int(11) NOT NULL AUTO_INCREMENT,
  `id_user` int(11) NOT NULL,
  `price` float NOT NULL,
  `date` date NOT NULL,
  `hour` time NOT NULL,
  `check_in` tinyint(4) DEFAULT NULL,
  `check_in_return` tinyint(4) DEFAULT NULL,
  `id_departure_flight` int(11) NOT NULL,
  `id_return_flight` int(11) DEFAULT NULL,
  PRIMARY KEY (`id_ticket`),
  KEY `id_user_fk_idx` (`id_user`),
  KEY `fk_tickets_flights1_idx` (`id_departure_flight`),
  KEY `fk_tickets_flights2_idx` (`id_return_flight`),
  CONSTRAINT `fk_tickets_flights1` FOREIGN KEY (`id_departure_flight`) REFERENCES `flights` (`id_flight`) ON DELETE NO ACTION ON UPDATE NO ACTION,
  CONSTRAINT `fk_tickets_flights2` FOREIGN KEY (`id_return_flight`) REFERENCES `flights` (`id_flight`) ON DELETE NO ACTION ON UPDATE NO ACTION,
  CONSTRAINT `id_user_fk` FOREIGN KEY (`id_user`) REFERENCES `users` (`id_user`)
) ENGINE=InnoDB AUTO_INCREMENT=357 DEFAULT CHARSET=utf8;
/*!40101 SET character_set_client = @saved_cs_client */;

--
-- Dumping data for table `tickets`
--

LOCK TABLES `tickets` WRITE;
/*!40000 ALTER TABLE `tickets` DISABLE KEYS */;
INSERT INTO `tickets` VALUES (135,15,999,'2021-06-28','16:43:00',0,1,233337,NULL),(136,15,999,'2021-06-08','16:43:00',1,0,233338,NULL),(139,15,5555,'2021-06-15','20:12:00',NULL,NULL,233337,233338),(141,15,70,'2021-06-29','09:11:53',NULL,NULL,233340,NULL),(142,15,70,'2021-06-29','09:11:53',NULL,NULL,233340,NULL),(143,15,70,'2021-06-29','09:11:53',NULL,NULL,233340,NULL),(144,15,70,'2021-06-29','09:11:53',NULL,NULL,233340,NULL),(145,15,70,'2021-06-29','09:11:53',NULL,NULL,233340,NULL),(146,15,140,'2021-06-29','09:14:32',NULL,NULL,233340,233340),(147,15,140,'2021-06-29','09:14:32',NULL,NULL,233340,233340),(148,15,140,'2021-06-29','09:14:32',NULL,NULL,233340,233340),(149,15,140,'2021-06-29','09:14:32',NULL,NULL,233340,233340),(150,15,140,'2021-06-29','09:14:32',NULL,NULL,233340,233340),(151,15,140,'2021-06-29','09:16:05',NULL,NULL,233340,233340),(152,15,140,'2021-06-29','09:16:05',NULL,NULL,233340,233340),(153,15,140,'2021-06-29','09:16:05',NULL,NULL,233340,233340),(154,15,140,'2021-06-29','09:16:05',NULL,NULL,233340,233340),(155,15,50,'2021-06-29','09:23:06',NULL,NULL,233339,NULL),(156,15,50,'2021-06-29','09:23:06',NULL,NULL,233339,NULL),(157,15,50,'2021-06-29','09:23:06',NULL,NULL,233339,NULL),(158,15,50,'2021-06-29','09:23:06',NULL,NULL,233339,NULL),(159,15,50,'2021-06-29','09:23:06',NULL,NULL,233339,NULL),(160,15,50,'2021-06-29','09:23:06',NULL,NULL,233339,NULL),(161,15,50,'2021-06-29','09:23:06',NULL,NULL,233339,NULL),(162,15,50,'2021-06-29','09:23:06',NULL,NULL,233339,NULL),(163,15,50,'2021-06-29','09:23:06',NULL,NULL,233339,NULL),(164,15,50,'2021-06-29','09:23:06',NULL,NULL,233339,NULL),(165,15,50,'2021-06-29','09:23:06',NULL,NULL,233339,NULL),(166,15,50,'2021-06-29','09:23:06',NULL,NULL,233339,NULL),(167,15,50,'2021-06-29','09:23:06',NULL,NULL,233339,NULL),(168,15,50,'2021-06-29','09:23:06',NULL,NULL,233339,NULL),(169,15,50,'2021-06-29','09:23:06',NULL,NULL,233339,NULL),(170,15,50,'2021-06-29','09:23:06',NULL,NULL,233339,NULL),(171,15,50,'2021-06-29','09:23:06',NULL,NULL,233339,NULL),(172,15,50,'2021-06-29','09:23:06',NULL,NULL,233339,NULL),(173,15,50,'2021-06-29','09:23:06',NULL,NULL,233339,NULL),(174,15,50,'2021-06-29','09:23:06',NULL,NULL,233339,NULL),(175,15,50,'2021-06-29','09:23:06',NULL,NULL,233339,NULL),(176,15,50,'2021-06-29','09:23:06',NULL,NULL,233339,NULL),(177,15,50,'2021-06-29','09:23:06',NULL,NULL,233339,NULL),(178,15,50,'2021-06-29','09:23:06',NULL,NULL,233339,NULL),(179,15,50,'2021-06-29','09:23:06',NULL,NULL,233339,NULL),(180,15,50,'2021-06-29','09:23:06',NULL,NULL,233339,NULL),(181,15,50,'2021-06-29','09:23:06',NULL,NULL,233339,NULL),(182,15,50,'2021-06-29','09:23:06',NULL,NULL,233339,NULL),(183,15,50,'2021-06-29','09:23:06',NULL,NULL,233339,NULL),(184,15,50,'2021-06-29','09:23:06',NULL,NULL,233339,NULL),(185,15,50,'2021-06-29','09:23:06',NULL,NULL,233339,NULL),(186,15,50,'2021-06-29','09:23:06',NULL,NULL,233339,NULL),(187,15,50,'2021-06-29','09:23:06',NULL,NULL,233339,NULL),(188,15,50,'2021-06-29','09:23:06',NULL,NULL,233339,NULL),(189,15,50,'2021-06-29','09:23:06',NULL,NULL,233339,NULL),(190,15,50,'2021-06-29','09:23:06',NULL,NULL,233339,NULL),(191,15,50,'2021-06-29','09:23:06',NULL,NULL,233339,NULL),(192,15,50,'2021-06-29','09:23:06',NULL,NULL,233339,NULL),(193,15,50,'2021-06-29','09:23:06',NULL,NULL,233339,NULL),(194,15,50,'2021-06-29','09:23:06',NULL,NULL,233339,NULL),(195,15,50,'2021-06-29','09:23:06',NULL,NULL,233339,NULL),(196,15,50,'2021-06-29','09:23:06',NULL,NULL,233339,NULL),(197,15,50,'2021-06-29','09:23:06',NULL,NULL,233339,NULL),(198,15,50,'2021-06-29','09:23:06',NULL,NULL,233339,NULL),(199,15,50,'2021-06-29','09:23:06',NULL,NULL,233339,NULL),(200,15,50,'2021-06-29','09:23:06',NULL,NULL,233339,NULL),(201,15,50,'2021-06-29','09:23:06',NULL,NULL,233339,NULL),(202,15,50,'2021-06-29','09:23:06',NULL,NULL,233339,NULL),(203,15,50,'2021-06-29','09:23:06',NULL,NULL,233339,NULL),(204,15,50,'2021-06-29','09:23:06',NULL,NULL,233339,NULL),(205,15,50,'2021-06-29','09:23:06',NULL,NULL,233339,NULL),(206,15,50,'2021-06-29','09:23:06',NULL,NULL,233339,NULL),(207,15,50,'2021-06-29','09:23:06',NULL,NULL,233339,NULL),(208,15,50,'2021-06-29','09:23:06',NULL,NULL,233339,NULL),(209,15,50,'2021-06-29','09:23:06',NULL,NULL,233339,NULL),(210,15,50,'2021-06-29','09:23:06',NULL,NULL,233339,NULL),(211,15,50,'2021-06-29','09:23:06',NULL,NULL,233339,NULL),(212,15,50,'2021-06-29','09:23:06',NULL,NULL,233339,NULL),(213,15,50,'2021-06-29','09:23:06',NULL,NULL,233339,NULL),(214,15,50,'2021-06-29','09:23:06',NULL,NULL,233339,NULL),(215,15,50,'2021-06-29','09:23:06',NULL,NULL,233339,NULL),(216,15,50,'2021-06-29','09:23:06',NULL,NULL,233339,NULL),(217,15,50,'2021-06-29','09:23:06',NULL,NULL,233339,NULL),(218,15,50,'2021-06-29','09:23:06',NULL,NULL,233339,NULL),(219,15,50,'2021-06-29','09:23:06',NULL,NULL,233339,NULL),(220,15,50,'2021-06-29','09:23:06',NULL,NULL,233339,NULL),(221,15,50,'2021-06-29','09:23:06',NULL,NULL,233339,NULL),(222,15,50,'2021-06-29','09:23:06',NULL,NULL,233339,NULL),(223,15,50,'2021-06-29','09:23:06',NULL,NULL,233339,NULL),(224,15,50,'2021-06-29','09:23:06',NULL,NULL,233339,NULL),(225,15,50,'2021-06-29','09:23:06',NULL,NULL,233339,NULL),(226,15,50,'2021-06-29','09:23:06',NULL,NULL,233339,NULL),(227,15,50,'2021-06-29','09:23:06',NULL,NULL,233339,NULL),(228,15,50,'2021-06-29','09:23:06',NULL,NULL,233339,NULL),(229,15,50,'2021-06-29','09:23:06',NULL,NULL,233339,NULL),(230,15,50,'2021-06-29','09:23:06',NULL,NULL,233339,NULL),(231,15,50,'2021-06-29','09:23:06',NULL,NULL,233339,NULL),(232,15,50,'2021-06-29','09:23:06',NULL,NULL,233339,NULL),(233,15,50,'2021-06-29','09:23:06',NULL,NULL,233339,NULL),(234,15,50,'2021-06-29','09:23:06',NULL,NULL,233339,NULL),(235,15,50,'2021-06-29','09:23:06',NULL,NULL,233339,NULL),(236,15,50,'2021-06-29','09:23:06',NULL,NULL,233339,NULL),(237,15,50,'2021-06-29','09:23:06',NULL,NULL,233339,NULL),(238,15,50,'2021-06-29','09:23:06',NULL,NULL,233339,NULL),(239,15,50,'2021-06-29','09:23:06',NULL,NULL,233339,NULL),(240,15,50,'2021-06-29','09:23:06',NULL,NULL,233339,NULL),(241,15,50,'2021-06-29','09:23:06',NULL,NULL,233339,NULL),(242,15,50,'2021-06-29','09:23:06',NULL,NULL,233339,NULL),(243,15,50,'2021-06-29','09:23:06',NULL,NULL,233339,NULL),(244,15,50,'2021-06-29','09:23:06',NULL,NULL,233339,NULL),(245,15,50,'2021-06-29','09:23:06',NULL,NULL,233339,NULL),(246,15,50,'2021-06-29','09:23:06',NULL,NULL,233339,NULL),(247,15,50,'2021-06-29','09:23:06',NULL,NULL,233339,NULL),(248,15,50,'2021-06-29','09:23:06',NULL,NULL,233339,NULL),(249,15,50,'2021-06-29','09:23:06',NULL,NULL,233339,NULL),(250,15,50,'2021-06-29','09:23:06',NULL,NULL,233339,NULL),(251,15,50,'2021-06-29','09:23:06',NULL,NULL,233339,NULL),(252,15,50,'2021-06-29','09:23:06',NULL,NULL,233339,NULL),(253,15,50,'2021-06-29','09:23:06',NULL,NULL,233339,NULL),(254,15,50,'2021-06-29','09:23:06',NULL,NULL,233339,NULL),(255,15,50,'2021-06-29','09:23:06',NULL,NULL,233339,NULL),(256,15,50,'2021-06-29','09:23:06',NULL,NULL,233339,NULL),(257,15,50,'2021-06-29','09:23:06',NULL,NULL,233339,NULL),(258,15,50,'2021-06-29','09:23:06',NULL,NULL,233339,NULL),(259,15,50,'2021-06-29','09:23:06',NULL,NULL,233339,NULL),(260,15,50,'2021-06-29','09:23:06',NULL,NULL,233339,NULL),(261,15,50,'2021-06-29','09:23:06',NULL,NULL,233339,NULL),(262,15,50,'2021-06-29','09:23:06',NULL,NULL,233339,NULL),(263,15,50,'2021-06-29','09:23:06',NULL,NULL,233339,NULL),(264,15,50,'2021-06-29','09:23:06',NULL,NULL,233339,NULL),(265,15,50,'2021-06-29','09:23:06',NULL,NULL,233339,NULL),(266,15,50,'2021-06-29','09:23:06',NULL,NULL,233339,NULL),(267,15,50,'2021-06-29','09:23:06',NULL,NULL,233339,NULL),(268,15,50,'2021-06-29','09:23:06',NULL,NULL,233339,NULL),(269,15,50,'2021-06-29','09:23:06',NULL,NULL,233339,NULL),(270,15,50,'2021-06-29','09:23:06',NULL,NULL,233339,NULL),(271,15,50,'2021-06-29','09:23:06',NULL,NULL,233339,NULL),(272,15,50,'2021-06-29','09:23:06',NULL,NULL,233339,NULL),(273,15,50,'2021-06-29','09:23:06',NULL,NULL,233339,NULL),(274,15,50,'2021-06-29','09:23:06',NULL,NULL,233339,NULL),(275,15,50,'2021-06-29','09:23:06',NULL,NULL,233339,NULL),(276,15,50,'2021-06-29','09:23:06',NULL,NULL,233339,NULL),(277,15,50,'2021-06-29','09:23:06',NULL,NULL,233339,NULL),(278,15,50,'2021-06-29','09:23:06',NULL,NULL,233339,NULL),(279,15,50,'2021-06-29','09:23:06',NULL,NULL,233339,NULL),(280,15,50,'2021-06-29','09:23:06',NULL,NULL,233339,NULL),(281,15,50,'2021-06-29','09:23:06',NULL,NULL,233339,NULL),(282,15,50,'2021-06-29','09:23:06',NULL,NULL,233339,NULL),(283,15,50,'2021-06-29','09:23:06',NULL,NULL,233339,NULL),(284,15,50,'2021-06-29','09:23:06',NULL,NULL,233339,NULL),(285,15,50,'2021-06-29','09:23:06',NULL,NULL,233339,NULL),(286,15,50,'2021-06-29','09:23:06',NULL,NULL,233339,NULL),(287,15,50,'2021-06-29','09:23:06',NULL,NULL,233339,NULL),(288,15,50,'2021-06-29','09:23:06',NULL,NULL,233339,NULL),(289,15,50,'2021-06-29','09:23:06',NULL,NULL,233339,NULL),(290,15,50,'2021-06-29','09:23:06',NULL,NULL,233339,NULL),(291,15,50,'2021-06-29','09:23:06',NULL,NULL,233339,NULL),(292,15,50,'2021-06-29','09:23:06',NULL,NULL,233339,NULL),(293,15,50,'2021-06-29','09:23:06',NULL,NULL,233339,NULL),(294,15,50,'2021-06-29','09:23:06',NULL,NULL,233339,NULL),(295,15,50,'2021-06-29','09:23:06',NULL,NULL,233339,NULL),(296,15,50,'2021-06-29','09:23:06',NULL,NULL,233339,NULL),(297,15,50,'2021-06-29','09:23:06',NULL,NULL,233339,NULL),(298,15,50,'2021-06-29','09:23:06',NULL,NULL,233339,NULL),(299,15,50,'2021-06-29','09:23:06',NULL,NULL,233339,NULL),(300,15,50,'2021-06-29','09:23:06',NULL,NULL,233339,NULL),(301,15,50,'2021-06-29','09:23:06',NULL,NULL,233339,NULL),(302,15,50,'2021-06-29','09:23:06',NULL,NULL,233339,NULL),(303,15,50,'2021-06-29','09:23:06',NULL,NULL,233339,NULL),(304,15,50,'2021-06-29','09:23:06',NULL,NULL,233339,NULL),(305,15,50,'2021-06-29','09:23:06',NULL,NULL,233339,NULL),(306,15,50,'2021-06-29','09:23:06',NULL,NULL,233339,NULL),(307,15,50,'2021-06-29','09:23:06',NULL,NULL,233339,NULL),(308,15,50,'2021-06-29','09:23:06',NULL,NULL,233339,NULL),(309,15,50,'2021-06-29','09:23:06',NULL,NULL,233339,NULL),(310,15,50,'2021-06-29','09:23:06',NULL,NULL,233339,NULL),(311,15,50,'2021-06-29','09:23:06',NULL,NULL,233339,NULL),(312,15,50,'2021-06-29','09:23:06',NULL,NULL,233339,NULL),(313,15,50,'2021-06-29','09:23:06',NULL,NULL,233339,NULL),(314,15,50,'2021-06-29','09:23:06',NULL,NULL,233339,NULL),(315,15,50,'2021-06-29','09:23:06',NULL,NULL,233339,NULL),(316,15,50,'2021-06-29','09:23:06',NULL,NULL,233339,NULL),(317,15,50,'2021-06-29','09:23:06',NULL,NULL,233339,NULL),(318,15,50,'2021-06-29','09:23:06',NULL,NULL,233339,NULL),(319,15,50,'2021-06-29','09:23:06',NULL,NULL,233339,NULL),(320,15,50,'2021-06-29','09:23:06',NULL,NULL,233339,NULL),(321,15,50,'2021-06-29','09:23:06',NULL,NULL,233339,NULL),(322,15,50,'2021-06-29','09:23:06',NULL,NULL,233339,NULL),(323,15,50,'2021-06-29','09:23:06',NULL,NULL,233339,NULL),(324,15,50,'2021-06-29','09:23:06',NULL,NULL,233339,NULL),(325,15,50,'2021-06-29','09:23:06',NULL,NULL,233339,NULL),(326,15,50,'2021-06-29','09:23:06',NULL,NULL,233339,NULL),(327,15,50,'2021-06-29','09:23:06',NULL,NULL,233339,NULL),(328,15,50,'2021-06-29','09:23:06',NULL,NULL,233339,NULL),(329,15,50,'2021-06-29','09:23:06',NULL,NULL,233339,NULL),(330,15,50,'2021-06-29','09:23:06',NULL,NULL,233339,NULL),(331,15,50,'2021-06-29','09:23:06',NULL,NULL,233339,NULL),(332,15,50,'2021-06-29','09:23:06',NULL,NULL,233339,NULL),(333,15,50,'2021-06-29','09:23:06',NULL,NULL,233339,NULL),(334,15,50,'2021-06-29','09:23:06',NULL,NULL,233339,NULL),(335,15,50,'2021-06-29','09:23:06',NULL,NULL,233339,NULL),(336,15,50,'2021-06-29','09:23:06',NULL,NULL,233339,NULL),(337,15,50,'2021-06-29','09:23:06',NULL,NULL,233339,NULL),(338,15,50,'2021-06-29','09:23:06',NULL,NULL,233339,NULL),(339,15,50,'2021-06-29','09:23:06',NULL,NULL,233339,NULL),(340,15,50,'2021-06-29','09:23:06',NULL,NULL,233339,NULL),(341,15,50,'2021-06-29','09:23:06',NULL,NULL,233339,NULL),(342,15,50,'2021-06-29','09:23:06',NULL,NULL,233339,NULL),(343,15,50,'2021-06-29','09:23:06',NULL,NULL,233339,NULL),(344,15,50,'2021-06-29','09:23:06',NULL,NULL,233339,NULL),(345,15,50,'2021-06-29','09:23:06',NULL,NULL,233339,NULL),(346,15,50,'2021-06-29','09:23:06',NULL,NULL,233339,NULL),(347,15,50,'2021-06-29','09:23:06',NULL,NULL,233339,NULL),(348,15,50,'2021-06-29','09:23:06',NULL,NULL,233339,NULL),(349,15,50,'2021-06-29','09:23:06',NULL,NULL,233339,NULL),(350,15,50,'2021-06-29','09:23:06',NULL,NULL,233339,NULL),(351,15,50,'2021-06-29','09:23:06',NULL,NULL,233339,NULL),(352,15,50,'2021-06-29','09:23:06',NULL,NULL,233339,NULL),(353,15,50,'2021-06-29','09:23:06',NULL,NULL,233339,NULL),(354,15,50,'2021-06-29','09:23:06',NULL,NULL,233339,NULL),(355,15,70,'2021-06-29','09:31:06',NULL,NULL,233340,NULL),(356,15,70,'2021-06-29','09:31:06',NULL,NULL,233340,NULL);
/*!40000 ALTER TABLE `tickets` ENABLE KEYS */;
UNLOCK TABLES;

--
-- Table structure for table `users`
--

DROP TABLE IF EXISTS `users`;
/*!40101 SET @saved_cs_client     = @@character_set_client */;
/*!40101 SET character_set_client = utf8 */;
CREATE TABLE `users` (
  `id_user` int(11) NOT NULL AUTO_INCREMENT,
  `name` varchar(45) NOT NULL,
  `birthday_date` date NOT NULL,
  `nif` int(45) NOT NULL,
  `username` varchar(16) NOT NULL,
  `password` varchar(32) NOT NULL,
  `address` varchar(45) NOT NULL,
  `telephone` int(45) NOT NULL,
  `email` varchar(255) NOT NULL,
  `role` varchar(45) NOT NULL,
  PRIMARY KEY (`id_user`)
) ENGINE=InnoDB AUTO_INCREMENT=19 DEFAULT CHARSET=utf8;
/*!40101 SET character_set_client = @saved_cs_client */;

--
-- Dumping data for table `users`
--

LOCK TABLES `users` WRITE;
/*!40000 ALTER TABLE `users` DISABLE KEYS */;
INSERT INTO `users` VALUES (15,'Joao P. Valdez','1985-06-26',235497789,'jpvaldez26','68d60f78978061d508a4bfdc351b92f2','Hope Street',969419408,'jpvaldez26@gmail.com','admin'),(16,'Operador','1985-06-26',545465122,'op','11d8c28a64490a987612f2332502467f','Happyness Street',966656658,'op@gmail.com','op'),(17,'User','1985-06-26',455999888,'user','ee11cbb19052e40b07aac0ca060c23ee','Harmony Street',916424632,'user@gmail.com','user'),(18,'Gestor','1985-06-26',444111222,'gest','6dc7ad42f970b8b3eb2f8641927d00cb','Love Street',966221144,'gest@gmail.com','gest');
/*!40000 ALTER TABLE `users` ENABLE KEYS */;
UNLOCK TABLES;
/*!40103 SET TIME_ZONE=@OLD_TIME_ZONE */;

/*!40101 SET SQL_MODE=@OLD_SQL_MODE */;
/*!40014 SET FOREIGN_KEY_CHECKS=@OLD_FOREIGN_KEY_CHECKS */;
/*!40014 SET UNIQUE_CHECKS=@OLD_UNIQUE_CHECKS */;
/*!40101 SET CHARACTER_SET_CLIENT=@OLD_CHARACTER_SET_CLIENT */;
/*!40101 SET CHARACTER_SET_RESULTS=@OLD_CHARACTER_SET_RESULTS */;
/*!40101 SET COLLATION_CONNECTION=@OLD_COLLATION_CONNECTION */;
/*!40111 SET SQL_NOTES=@OLD_SQL_NOTES */;

-- Dump completed on 2021-06-29 23:24:42
